{
  "task_a": {
    "rmse": 0.5773502691896257,
    "rouge1": 0.38678641047062096,
    "rouge2": 0.15200242259065788,
    "rougeL": 0.2770537454747981,
    "n_samples": 3
  },
  "task_b": {
    "ndcg_at_10": 0.6131471927654584,
    "hit_rate_at_10": 1.0,
    "precision_at_10": 0.2,
    "n_samples": 3,
    "k": 10
  }
}
